{
  "layer": 0,
  "n_layer": 32,
  "baseline_type": "q4_0_head",
  "probe_type": "q2_0_head",
  "baseline_ea": 0.07428707374145406,
  "probe_ea": 0.19926907066880156,
  "delta_ea": 0.1249819969273475,
  "baseline_eo": 0.21776419643339426,
  "probe_eo": 0.634890098042815,
  "delta_eo": 0.41712590160942076,
  "score_elements": 800,
  "output_elements": 20480,
  "score_captures": 1,
  "output_captures": 1
}
