{
  "meta": {
    "file": "../rope_values_nofuse_wikitest.bin",
    "version": 1,
    "n_layers": 32,
    "n_heads": 8,
    "n_dims": 128,
    "n_tokens_header": 83970,
    "blocks": [
      [
        64,
        96
      ],
      [
        96,
        128
      ]
    ],
    "qmax": 7.0,
    "zero_thresh": 0.5,
    "max_samples": 500000
  },
  "global": {
    "mr_all": {
      "mean": 25.457101821899414,
      "median": 2.596832275390625,
      "p99": 144.3654327392578
    },
    "minor_over_delta_all": {
      "mean": 0.8436310291290283,
      "median": 0.5266832709312439,
      "p10": 0.07895781844854355
    },
    "zero_like_all": 0.4830070734024048,
    "mr_dom": {
      "mean": 56.356632232666016,
      "median": 5.513715744018555,
      "p99": 303.4194030761719
    },
    "minor_over_delta_dom": {
      "mean": 1.6775492429733276,
      "median": 1.2695612907409668,
      "p10": 0.2307584434747696
    },
    "zero_like_dom": 0.2164529711008072
  }
}